{
  "features": {
      "fast_preview" : true,
      "fast_preview_export" : true,
      "fast_processing_enabled" : true,
      "preview_rating_enabled": true,
      "preview_rating_max_per_day": 2,
      "anima_autolayout_enabled" : false,
      "personalized_notifications" : true
  },
  "available_code_optimizations" :
  [
      {
          "type": "title",
          "text": "Layout Optimizations"
      },
      {
          "type": "checkbox",
          "value": "auto_flexbox",
          "text": "Auto Flexbox (beta)",
          "default": false
      }
  ]
}
